Breadcrumb(Category),Category,Product name,Pricing,Available size,url
iconArrowCircleLeft戻る/トップ/メンズ/ウェア・服/トップス/ジャージ/オリジナルス/ベッケンバウアー/アディカラー クラシック/アディカラー クラシックス ベッケンバウアー トラックトップ（ジャージ）,オリジナルス,アディカラー クラシックス ベッケンバウアー トラックトップ（ジャージ）,13200,"XS, S, M, L, XL, 2XL, 3XL",https://shop.adidas.jp/products/II5763
iconArrowCircleLeft戻る/トップ/メンズ/ウェア・服/トップス/ジャージ/オリジナルス/ベッケンバウアー/アディカラー クラシック/アディカラー クラシックス ベッケンバウアー トラックトップ（ジャージ）,オリジナルス,アディカラー クラシックス ベッケンバウアー トラックトップ（ジャージ）,13200,"XS, S, M, L, XL, 2XL, 3XL",https://shop.adidas.jp/products/IP0418
iconArrowCircleLeft戻る/トップ/メンズ/ウェア・服/トップス/ジャージ/オリジナルス/ベッケンバウアー/アディカラー クラシック/アディカラー クラシックス ベッケンバウアー トラックトップ（ジャージ）,オリジナルス,アディカラー クラシックス ベッケンバウアー トラックトップ（ジャージ）,13200,"XS, S, M, L, XL, 2XL, 3XL",https://shop.adidas.jp/products/IY8077
iconArrowCircleLeft戻る/トップ/メンズ/ウェア・服/トップス/ジャージ/オリジナルス/ベッケンバウアー/アディカラー クラシック/アディカラー クラシックス ベッケンバウアー トラックトップ（ジャージ）,オリジナルス,アディカラー クラシックス ベッケンバウアー トラックトップ（ジャージ）,13200,"XS, S, M, L, XL, 2XL, 3XL",https://shop.adidas.jp/products/IY8076/
iconArrowCircleLeft戻る/トップ/メンズ/ウェア・服/トップス/ジャージ/オリジナルス/ファイヤーバード/アディカラー クラシック/アディカラー クラシックス ファイヤーバード トラックトップ（ジャージ）,オリジナルス,アディカラー クラシックス ファイヤーバード トラックトップ（ジャージ）,13200,"XS, S, M, L, XL, 2XL, 3XL",https://shop.adidas.jp/products/IR9893/
iconArrowCircleLeft戻る/トップ/メンズ/ウェア・服/トップス/ジャージ/オリジナルス/ファイヤーバード/アディカラー ウーブン ファイヤーバード トラックトップ（ジャージ）,オリジナルス,アディカラー ウーブン ファイヤーバード トラックトップ（ジャージ）,14300,"2XS, XS, S, M, L, XL, 2XL, 3XL",https://shop.adidas.jp/products/IT2491/
iconArrowCircleLeft戻る/トップ/メンズ/ウェア・服/トップス/パーカー(フーディー)/スポーツウェア/エッセンシャルズ ビッグロゴ パーカー / Essentials Big Logo Hoodie,スポーツウェア,エッセンシャルズ ビッグロゴ パーカー / Essentials Big Logo Hoodie,3293,"XS, S, M, L, O (XL), XO (2XL), 2XO (3XL), 3XO (4XL), 4XO (5XL)",https://shop.adidas.jp/products/GK9541/
iconArrowCircleLeft戻る/トップ/メンズ/ウェア・服/トップス/ジャージ/オリジナルス/ファイヤーバード/ファイヤーバード クラシック モノトラックトップ（ジャージ）,オリジナルス,ファイヤーバード クラシック モノトラックトップ（ジャージ）,15400,"XS, S, M, L, XL, 2XL, 3XL",https://shop.adidas.jp/products/IS2925/
iconArrowCircleLeft戻る/トップ/メンズ/ウェア・服/トップス/ジャージ/オリジナルス/スプリングコレクション/プレミアム トラックトップ,オリジナルス,プレミアム トラックトップ,19800,"XS, S, M, L, XL, 2XL, 3XL",https://shop.adidas.jp/products/IS1416/
iconArrowCircleLeft戻る/トップ/メンズ/ウェア・服/トップス/ジャージ/オリジナルス/ベッケンバウアー/アディカラー クラシック/アディカラー クラシックス ベッケンバウアー トラックトップ（ジャージ）,オリジナルス,アディカラー クラシックス ベッケンバウアー トラックトップ（ジャージ）,13200,"XS, S, M, L, XL, 2XL, 3XL",https://shop.adidas.jp/products/IM4511/
iconArrowCircleLeft戻る/トップ/メンズ/サッカー/ウェア・服/トップス/ユニフォーム/REF 22 ジャージー長袖,サッカー,REF 22 ジャージー長袖,6600,"XS, M, XL, 2XL, 4XL, 6XL",https://shop.adidas.jp/products/HP0751/
iconArrowCircleLeft戻る/トップ/メンズ/ウェア・服/トップス/ジャージ/オリジナルス/アディカラー/アディカラー クラシック/アディカラー クラシックス SSTトラックジャケット（ジャージ）,オリジナルス,アディカラー クラシックス SSTトラックジャケット（ジャージ）,10560,"XS, S, M, L, XL, 2XL, 3XL, 4XL, 5XL",https://shop.adidas.jp/products/IK7025/
iconArrowCircleLeft戻る/トップ/メンズ/ウェア・服/トップス/ジャージ/オリジナルス/ベッケンバウアー/アディカラー クラシック/アディカラー クラシックス ベッケンバウアー トラックトップ（ジャージ）,オリジナルス,アディカラー クラシックス ベッケンバウアー トラックトップ（ジャージ）,13200,"XS, S, M, L, XL, 2XL, 3XL",https://shop.adidas.jp/products/IY8075/
iconArrowCircleLeft戻る/トップ/メンズ/ウェア・服/トップス/パーカー(フーディー)/スポーツウェア/Z.N.E./Z.N.E. ウィンタライズド フルジップ フード付きトラックジャケット,スポーツウェア,Z.N.E. ウィンタライズド フルジップ フード付きトラックジャケット,15400,"XS, S, M, L, XL, 2XL, 3XL",https://shop.adidas.jp/products/IR5240
iconArrowCircleLeft戻る/トップ/メンズ/サッカー/ウェア・服/トップス/ジャージ/ティロ/ティロ 23 クラブ ウィンタライズドトップ,サッカー,ティロ 23 クラブ ウィンタライズドトップ,5005,"XS, S, M, L, XL, 2XL, 3XL",https://shop.adidas.jp/products/IA5373
iconArrowCircleLeft戻る/トップ/ユニセックス/ジム・トレーニング/ウェア・服/トップス/タンクトップ/Les Mills グラフィック タンクトップ,ジム・トレーニング,Les Mills グラフィック タンクトップ,4400,"XS, S, M, L, XL, 2XL, 3XL",https://shop.adidas.jp/products/IX7978
iconArrowCircleLeft戻る/トップ/メンズ/ウェア・服/トップス/Tシャツ/オリジナルス/アディカラー/アディカラー クラシック/アディカラー クラシックス スリーストライプス Tシャツ,オリジナルス,アディカラー クラシックス スリーストライプス Tシャツ,4400,"2XS, XS, S, M, L, XL, 2XL, 3XL",https://shop.adidas.jp/products/IA4845/
iconArrowCircleLeft戻る/トップ/メンズ/ウェア・服/トップス/Tシャツ/オリジナルス/アディカラー/アディカラー クラシック/アディカラー クラシックス スリーストライプス 長袖Tシャツ,オリジナルス,アディカラー クラシックス スリーストライプス 長袖Tシャツ,5500,"2XS, XS, S, M, L, XL, 2XL, 3XL",https://shop.adidas.jp/products/IM9429/
iconArrowCircleLeft戻る/トップ/メンズ/ラグビー/ウェア・服/トップス/Tシャツ/オールブラックス ラグビー パフォーマンス Tシャツ,ラグビー,オールブラックス ラグビー パフォーマンス Tシャツ,4389,"XS, M, XL, 2XL, 4XL, 6XL",https://shop.adidas.jp/products/HZ4506/
iconArrowCircleLeft戻る/トップ/メンズ/サッカー/ウェア・服/トップス/ユニフォーム/ティロ/ティロ ジャージー,サッカー,ティロ ジャージー,4290,"S, M, L, XL, 2XL, 3XL",https://shop.adidas.jp/products/HY5898/
iconArrowCircleLeft戻る/トップ/メンズ/ウェア・服/トップス/フリース/オリジナルス/プレミアム エッセンシャルズ フリースジャケット,オリジナルス,プレミアム エッセンシャルズ フリースジャケット,11550,"XS, S, M, L, XL, 2XL, 3XL",https://shop.adidas.jp/products/II5807/
iconArrowCircleLeft戻る/トップ/メンズ/ウェア・服/トップス/Tシャツ/オリジナルス/ストリート Neuclassic Tシャツ,オリジナルス,ストリート Neuclassic Tシャツ,6050,"XS, S, M, L, XL, 2XL, 3XL",https://shop.adidas.jp/products/IV5354/
iconArrowCircleLeft戻る/トップ/メンズ/ランニング/ウェア・服/トップス/Tシャツ/オウン ザ ラン 長袖Tシャツ,ランニング,オウン ザ ラン 長袖Tシャツ,4950,"S, M, L, XL, 2XL, 3XL",https://shop.adidas.jp/products/IN1488/
iconArrowCircleLeft戻る/トップ/メンズ/ランニング/ウェア・服/トップス/Tシャツ/オウン ザ ラン 総柄プリント 半袖Tシャツ,ランニング,オウン ザ ラン 総柄プリント 半袖Tシャツ,3619,"XS, S, M, L, XL, 2XL, 3XL",https://shop.adidas.jp/products/IB6394/
iconArrowCircleLeft戻る/トップ/メンズ/ウェア・服/トップス/パーカー(フーディー)/オリジナルス/アディカラー/アディカラー クラシック/アディカラー クラシックス トレフォイル パーカー,オリジナルス,アディカラー クラシックス トレフォイル パーカー,6402,"2XS, XS, S, M, L, XL, 2XL, 3XL",https://shop.adidas.jp/products/IM4489/
iconArrowCircleLeft戻る/トップ/メンズ/ジム・トレーニング/ウェア・服/トップス/Tシャツ/Designed for Training 半袖Tシャツ,ジム・トレーニング,Designed for Training 半袖Tシャツ,1346,"XS, S, M, L, O (XL), XO (2XL), 2XO (3XL)",https://shop.adidas.jp/products/HA6363/
iconArrowCircleLeft戻る/トップ/メンズ/ウェア・服/トップス/ジャージ/オリジナルス/アディカラー/アディカラー クラシック/アディカラー クラシックス SSTトラックジャケット（ジャージ）,オリジナルス,アディカラー クラシックス SSTトラックジャケット（ジャージ）,13200,"XS, S, M, L, XL, 2XL, 3XL, 4XL, 5XL",https://shop.adidas.jp/products/IR9864/
iconArrowCircleLeft戻る/トップ/ユニセックス/スケートボーディング/ウェア・服/トップス/パーカー(フーディー)/オリジナルス/CLR84 パーカー,オリジナルス,CLR84 パーカー,9240,"XS, S, M, L, XL, 2XL, 3XL",https://shop.adidas.jp/products/IK3094/
iconArrowCircleLeft戻る/トップ/メンズ/ゴルフ/ウェア・服/トップス/ポロシャツ/Go-To コレクション/GO-TO POLO,ゴルフ,GO-TO POLO,8800,"S, M, L, XL, 2XL",https://shop.adidas.jp/products/HY7165/
iconArrowCircleLeft戻る/トップ/メンズ/ウェア・服/トップス/Tシャツ/オリジナルス/グラフィック カモ柄 シュータン 半袖Tシャツ,オリジナルス,グラフィック カモ柄 シュータン 半袖Tシャツ,2640,"2XS, XS, S, M, L, XL, 2XL, 3XL",https://shop.adidas.jp/products/HR3531/
iconArrowCircleLeft戻る/トップ/メンズ/ゴルフ/ウェア・服/トップス/ポロシャツ/ソリッド ストレッチ 長袖ボタンダウンシャツ,ゴルフ,ソリッド ストレッチ 長袖ボタンダウンシャツ,9900,"S, M, L, XL, 2XL",https://shop.adidas.jp/products/IA2698/
iconArrowCircleLeft戻る/トップ/メンズ/ウェア・服/トップス/パーカー(フーディー)/オリジナルス/アディカラー/アディカラー シーズナル アーカイブ パーカー,オリジナルス,アディカラー シーズナル アーカイブ パーカー,7260,"2XS, XS, S, M, L, XL, 2XL, 3XL",https://shop.adidas.jp/products/IM4412/
iconArrowCircleLeft戻る/トップ/メンズ/ウェア・服/トップス/ジャージ/オリジナルス/ファイヤーバード/アディカラー クラシック/アディカラー クラシックス ファイヤーバード トラックトップ（ジャージ）,オリジナルス,アディカラー クラシックス ファイヤーバード トラックトップ（ジャージ）,13200,"XS, S, M, L, XL, 2XL, 3XL",https://shop.adidas.jp/products/IN4683/
iconArrowCircleLeft戻る/トップ/メンズ/ウェア・服/トップス/スウェット（トレーナー）/オリジナルス/トレフォイル エッセンシャルズ クルーネック,オリジナルス,トレフォイル エッセンシャルズ クルーネック,7656,"XS, S, M, L, XL, 2XL, 3XL",https://shop.adidas.jp/products/IM4537/
iconArrowCircleLeft戻る/トップ/メンズ/アウトドア/ウェア・服/トップス/Tシャツ/アディダス テレックス/インナー/XPERIOR メリノ 200 ベースレイヤー 半袖Tシャツ,アディダス テレックス,XPERIOR メリノ 200 ベースレイヤー 半袖Tシャツ,7700,"XS, M, XL, 2XL, 4XL",https://shop.adidas.jp/products/HZ8555/
iconArrowCircleLeft戻る/トップ/メンズ/ウェア・服/トップス/スウェット（トレーナー）/スポーツウェア/エッセンシャルズ/ESSENTIALS PLUS/エッセンシャルズ プラス ルーズフィット スリーストライプス フレンチテリー スウェットシャツ,スポーツウェア,エッセンシャルズ プラス ルーズフィット スリーストライプス フレンチテリー スウェットシャツ,6600,"2XS, XS, S, M, L, XL, 2XL, 3XL",https://shop.adidas.jp/products/JF3933/
iconArrowCircleLeft戻る/トップ/メンズ/ウェア・服/トップス/Tシャツ/オリジナルス/グラフィック カモ柄 Tシャツ,オリジナルス,グラフィック カモ柄 Tシャツ,2838,"XS, S, M, L, XL, 2XL, 3XL",https://shop.adidas.jp/products/HK5157/
iconArrowCircleLeft戻る/トップ/メンズ/ウェア・服/トップス/パーカー(フーディー)/スポーツウェア/アイコン/フューチャー アイコン 総柄プリント フルジップフーディー,スポーツウェア,フューチャー アイコン 総柄プリント フルジップフーディー,7920,"XS, S, M, L, XL, 2XL, 3XL",https://shop.adidas.jp/products/IB6124/
iconArrowCircleLeft戻る/トップ/メンズ/ウェア・服/トップス/パーカー(フーディー)/オリジナルス/ADILENIUM/ADILENIUM オーバーサイズ パーカー,オリジナルス,ADILENIUM オーバーサイズ パーカー,12320,"XS, S, M, L, XL, 2XL, 3XL",https://shop.adidas.jp/products/IW3648/
iconArrowCircleLeft戻る/トップ/メンズ/ウェア・服/トップス/Tシャツ/オリジナルス/グラフィック カモ柄 Tシャツ,オリジナルス,グラフィック カモ柄 Tシャツ,2838,"XS, S, M, L, XL, 2XL, 3XL",https://shop.adidas.jp/products/HN6724/
iconArrowCircleLeft戻る/トップ/メンズ/テニス/ウェア・服/トップス/Tシャツ/HEAT.RDY/テニス HEAT. RDY フリーリフト プロ半袖Tシャツ,テニス,テニス HEAT. RDY フリーリフト プロ半袖Tシャツ,5280,"XS, S, M, L, XL, 2XL, 3XL",https://shop.adidas.jp/products/IK7112/
iconArrowCircleLeft戻る/トップ/メンズ/ウェア・服/トップス/スウェット（トレーナー）/スポーツウェア/エッセンシャルズ/ESSENTIALS PLUS/エッセンシャルズ プラス ルーズフィット スモールロゴ フレンチテリー スウェットシャツ,スポーツウェア,エッセンシャルズ プラス ルーズフィット スモールロゴ フレンチテリー スウェットシャツ,6050,"2XS, XS, S, M, L, XL, 2XL, 3XL",https://shop.adidas.jp/products/JF3939/
iconArrowCircleLeft戻る/トップ/メンズ/ウェア・服/トップス/パーカー(フーディー)/オリジナルス/アディカラー/アディカラー クラシック/アディカラー クラシックス スリーストライプス パーカー,オリジナルス,アディカラー クラシックス スリーストライプス パーカー,8536,"XS, S, M, L, XL, 2XL, 3XL",https://shop.adidas.jp/products/IM2088/
iconArrowCircleLeft戻る/トップ/メンズ/ウェア・服/トップス/Tシャツ/オリジナルス/アディカラー/アディカラー Neuclassics 長袖Tシャツ,オリジナルス,アディカラー Neuclassics 長袖Tシャツ,6160,"XS, S, M, L, XL, 2XL, 3XL",https://shop.adidas.jp/products/HS1525/
iconArrowCircleLeft戻る/トップ/メンズ/ウェア・服/トップス/パーカー(フーディー)/スポーツウェア/エッセンシャルズ/ESSENTIALS PLUS/エッセンシャルズ プラス ルーズフィット スリーストライプス フレンチテリー プルオーバーパーカー,スポーツウェア,エッセンシャルズ プラス ルーズフィット スリーストライプス フレンチテリー プルオーバーパーカー,7150,"2XS, XS, S, M, L, XL, 2XL, 3XL",https://shop.adidas.jp/products/JF3984/
iconArrowCircleLeft戻る/トップ/メンズ/ウェア・服/トップス/スウェット（トレーナー）/スポーツウェア/ラウンジ フレンチテリー フルジップ パーカー,スポーツウェア,ラウンジ フレンチテリー フルジップ パーカー,3960,"XS, S, M, L, XL, 2XL, 3XL",https://shop.adidas.jp/products/IQ3425/
iconArrowCircleLeft戻る/トップ/メンズ/サッカー/ウェア・服/トップス/ユニフォーム/スクアドラ/スクアドラ 21 長袖ジャージー,サッカー,スクアドラ 21 長袖ジャージー,2302,"XS, S, M, L, O (XL), XO (2XL), 2XO (3XL), 3XO (4XL), 4XO (5XL)",https://shop.adidas.jp/products/GN5792/
iconArrowCircleLeft戻る/トップ/メンズ/ジム・トレーニング/ウェア・服/トップス/Tシャツ/インナー/テックフィット トレーニング 長袖Tシャツ,ジム・トレーニング,テックフィット トレーニング 長袖Tシャツ,4400,"XS, S, M, L, XL, 2XL, 3XL",https://shop.adidas.jp/products/HK2336/
iconArrowCircleLeft戻る/トップ/メンズ/ランニング/ウェア・服/トップス/Tシャツ/Ultimateadidas 総柄プリント長袖Tシャツ,ランニング,Ultimateadidas 総柄プリント長袖Tシャツ,7700,"S, M, L, XL, 2XL, 3XL",https://shop.adidas.jp/products/IL7197/
iconArrowCircleLeft戻る/トップ/メンズ/ラグビー/ウェア・服/トップス/ポロシャツ/オールブラックス ラグビー ポロシャツ,ラグビー,オールブラックス ラグビー ポロシャツ,4125,"XS, M, XL, 2XL, 4XL, 6XL",https://shop.adidas.jp/products/HZ4504/
iconArrowCircleLeft戻る/トップ/メンズ/ウェア・服/トップス/スウェット（トレーナー）/スポーツウェア/エッセンシャルズ/ESSENTIALS PLUS/エッセンシャルズ プラス ルーズフィット スモールロゴ フレンチテリー スウェットシャツ,スポーツウェア,エッセンシャルズ プラス ルーズフィット スモールロゴ フレンチテリー スウェットシャツ,6050,"2XS, XS, S, M, L, XL, 2XL, 3XL",https://shop.adidas.jp/products/JF3941/
iconArrowCircleLeft戻る/トップ/メンズ/ウェア・服/トップス/Tシャツ/オリジナルス/ビーチスポーツ トレフォイルTシャツ,オリジナルス,ビーチスポーツ トレフォイルTシャツ,3465,"XS, S, M, L, XL, 2XL",https://shop.adidas.jp/products/IL4729/
iconArrowCircleLeft戻る/トップ/メンズ/ウェア・服/トップス/パーカー(フーディー)/オリジナルス/アディカラー/アディカラー シーズナル アーカイブ パーカー,オリジナルス,アディカラー シーズナル アーカイブ パーカー,7260,"2XS, XS, S, M, L, XL, 2XL, 3XL",https://shop.adidas.jp/products/IA2531/
iconArrowCircleLeft戻る/トップ/メンズ/ウェア・服/トップス/ジャージ/オリジナルス/ファイヤーバード/アディカラー クラシック/アディカラー クラシックス ファイヤーバード トラックトップ（ジャージ）,オリジナルス,アディカラー クラシックス ファイヤーバード トラックトップ（ジャージ）,13200,"XS, S, M, L, XL, 2XL, 3XL",https://shop.adidas.jp/products/IJ7059/
iconArrowCircleLeft戻る/トップ/メンズ/ウェア・服/トップス/Tシャツ/オリジナルス/アディカラー/アディカラー シーズナル アクティブ Tシャツ,オリジナルス,アディカラー シーズナル アクティブ Tシャツ,2200,"2XS, XS, S, M, L, XL, 2XL, 3XL",https://shop.adidas.jp/products/HR3319/
iconArrowCircleLeft戻る/トップ/メンズ/ランニング/ウェア・服/トップス/Tシャツ/オウン ザ ラン 長袖Tシャツ,ランニング,オウン ザ ラン 長袖Tシャツ,4950,"S, M, L, XL, 2XL, 3XL",https://shop.adidas.jp/products/IN1486/
iconArrowCircleLeft戻る/トップ/メンズ/ウェア・服/トップス/パーカー(フーディー)/オリジナルス/AAC カモパーカー,オリジナルス,AAC カモパーカー,7920,"XS, S, M, L, XL, 2XL, 3XL",https://shop.adidas.jp/products/IR9476/
iconArrowCircleLeft戻る/トップ/ユニセックス/ラグビー/ウェア・服/トップス/スウェット（トレーナー）/オールブラックス ラグビー 長袖 ライフスタイル スウェットシャツ（ジェンダーニュートラル）,ラグビー,オールブラックス ラグビー 長袖 ライフスタイル スウェットシャツ（ジェンダーニュートラル）,5335,"XS, S, M, L, XL, 2XL, 3XL",https://shop.adidas.jp/products/IA5001/
iconArrowCircleLeft戻る/トップ/メンズ/ウェア・服/トップス/パーカー(フーディー)/オリジナルス/ミッキーマウス × Originals アップリケ コットンパーカー,オリジナルス,ミッキーマウス × Originals アップリケ コットンパーカー,13200,"2XS, XS, S, M, L, XL, 2XL, 3XL",https://shop.adidas.jp/products/IY2274/
iconArrowCircleLeft戻る/トップ/メンズ/ウェア・服/トップス/ユニフォーム/スポーツウェア/M SERENO 3S Tシャツ,スポーツウェア,M SERENO 3S Tシャツ,2310,"XS, S, M, L, O (XL), XO (2XL), 2XO (3XL), 3XO (4XL), 4XO (5XL)",https://shop.adidas.jp/products/H28899/
iconArrowCircleLeft戻る/トップ/メンズ/ウェア・服/トップス/ジャージ/オリジナルス/トラックトップ（ジャージ）,オリジナルス,トラックトップ（ジャージ）,14300,"XS, S, M, L, XL, 2XL, 3XL",https://shop.adidas.jp/products/IT7459/
iconArrowCircleLeft戻る/トップ/メンズ/ウェア・服/トップス/パーカー(フーディー)/オリジナルス/アディカラー/アディカラー クラシック/アディカラー クラシックス スリーストライプス パーカー,オリジナルス,アディカラー クラシックス スリーストライプス パーカー,8536,"XS, S, M, L, XL, 2XL, 3XL",https://shop.adidas.jp/products/IL2496
iconArrowCircleLeft戻る/トップ/メンズ/サッカー/ウェア・服/トップス/ジャージ/ティロ/ティロ 23 プロ COLD. RDY ウォームトップ,サッカー,ティロ 23 プロ COLD. RDY ウォームトップ,6402,"S, M, L, XL, 2XL, 3XL",https://shop.adidas.jp/products/H49613
iconArrowCircleLeft戻る/トップ/メンズ/アウトドア/ウェア・服/トップス/Tシャツ/アディダス テレックス/インナー/Xperior メリノ 200 ベースレイヤー 長袖Tシャツ,アディダス テレックス,Xperior メリノ 200 ベースレイヤー 長袖Tシャツ,8470,"XS, M, XL, 2XL, 4XL",https://shop.adidas.jp/products/HZ8563
iconArrowCircleLeft戻る/トップ/メンズ/ゴルフ/ウェア・服/トップス/カーディガン/MALBON グラフィックカーディガン,ゴルフ,MALBON グラフィックカーディガン,33000,"2XS, XS, S, M, L, XL, 2XL",https://shop.adidas.jp/products/IN9172/
iconArrowCircleLeft戻る/トップ/ユニセックス/ウェア・服/トップス/シャツ/Y-3/Y-3 WORKWEAR OVERSHIRT,Y-3,Y-3 WORKWEAR OVERSHIRT,46200,"XS, S, M, L",https://shop.adidas.jp/products/IN4342
iconArrowCircleLeft戻る/トップ/メンズ/スケートボーディング/ウェア・服/トップス/パーカー(フーディー)/オリジナルス/LC フラワー パーカー,オリジナルス,LC フラワー パーカー,8470,"XS, S, M, L, XL, 2XL, 3XL",https://shop.adidas.jp/products/II5968
iconArrowCircleLeft戻る/トップ/ユニセックス/ウェア・服/トップス/Tシャツ/Y-3/Y-3 LONG SLEEVE TEE,Y-3,Y-3 LONG SLEEVE TEE,18700,"XS, S, M, L, XL",https://shop.adidas.jp/products/IV8232
iconArrowCircleLeft戻る/トップ/メンズ/ウェア・服/トップス/ポロシャツ/スポーツウェア/Z.N.E./adidas Z.N.E. プレミアムポロシャツ,スポーツウェア,adidas Z.N.E. プレミアムポロシャツ,4290,"XS, S, M, L, XL, 2XL, 3XL, 4XLT, 6XLT",https://shop.adidas.jp/products/IA3124/
iconArrowCircleLeft戻る/トップ/メンズ/ジム・トレーニング/ウェア・服/トップス/Tシャツ/スリー ストライプス/トレイン エッセンシャルズ スリーストライプス トレーニング半袖Tシャツ,ジム・トレーニング,トレイン エッセンシャルズ スリーストライプス トレーニング半袖Tシャツ,2640,"2XS, XS, S, M, L, XL, 2XL, 3XL",https://shop.adidas.jp/products/IM4380
iconArrowCircleLeft戻る/トップ/メンズ/サッカー/ウェア・服/トップス/ユニフォーム/クラブチーム/アーセナルFC 23/24 LFSTLR ジャージー,サッカー,アーセナルFC 23/24 LFSTLR ジャージー,15400,"S, M, L, XL, 2XL",https://shop.adidas.jp/products/HR6934
iconArrowCircleLeft戻る/トップ/メンズ/ウェア・服/トップス/カーディガン/オリジナルス/グラフィック アーカイブカーディガン,オリジナルス,グラフィック アーカイブカーディガン,8580,"XS, S, M, L, XL, 2XL, 3XL",https://shop.adidas.jp/products/IC5771
iconArrowCircleLeft戻る/トップ/メンズ/ウェア・服/トップス/Tシャツ/オリジナルス/アディダス アドベンチャー グラフィック 長袖Tシャツ,オリジナルス,アディダス アドベンチャー グラフィック 長袖Tシャツ,3850,"XS, S, M, L, XL, 2XL, 3XL",https://shop.adidas.jp/products/IJ0713/
iconArrowCircleLeft戻る/トップ/メンズ/ウェア・服/トップス/パーカー(フーディー)/スポーツウェア/Designed for Gameday フルジップパーカー,スポーツウェア,Designed for Gameday フルジップパーカー,10560,"XS, S, M, L, XL, 2XL, 3XL",https://shop.adidas.jp/products/IC8044
iconArrowCircleLeft戻る/トップ/メンズ/テニス/ウェア・服/トップス/Tシャツ/AEROREADY プロ シームレス テニス 半袖Tシャツ,テニス,AEROREADY プロ シームレス テニス 半袖Tシャツ,2805,"XS, M, XL, 2XL, 4XL, 6XL",https://shop.adidas.jp/products/IA7100
iconArrowCircleLeft戻る/トップ/メンズ/サッカー/ウェア・服/トップス/ジャージ/ティロ/ティロ 23 コンペティション トレーニングジャケット,サッカー,ティロ 23 コンペティション トレーニングジャケット,5005,"XS, S, M, L, XL, 2XL, 3XL",https://shop.adidas.jp/products/HU1309
iconArrowCircleLeft戻る/トップ/ユニセックス/ウェア・服/トップス/パーカー(フーディー)/Y-3/Y-3 ORGANIC COTTON TERRY ZIP HOODIE,Y-3,Y-3 ORGANIC COTTON TERRY ZIP HOODIE,46200,"2XS, XS, S, M, L, XL",https://shop.adidas.jp/products/H44785/
iconArrowCircleLeft戻る/トップ/メンズ/ランニング/ウェア・服/トップス/Tシャツ/アルティメット 長袖Tシャツ,ランニング,アルティメット 長袖Tシャツ,6160,"XS, S, M, L, XL, 2XL, 3XL",https://shop.adidas.jp/products/IM4199
iconArrowCircleLeft戻る/トップ/メンズ/ランニング/ウェア・服/トップス/Tシャツ/オウン ザ ラン 半袖Tシャツ,ランニング,オウン ザ ラン 半袖Tシャツ,2393,"XS, S, M, L, O (XL), XO (2XL), 2XO (3XL), 3XO (4XL)",https://shop.adidas.jp/products/IM2531
iconArrowCircleLeft戻る/トップ/メンズ/ウェア・服/トップス/シャツ/オリジナルス/グラフィック モノグラム 総柄プリントシャツ,オリジナルス,グラフィック モノグラム 総柄プリントシャツ,4400,"XS, S, M, L, XL, 2XL, 3XL",https://shop.adidas.jp/products/IC8879
iconArrowCircleLeft戻る/トップ/メンズ/ジム・トレーニング/ウェア・服/トップス/Tシャツ/AEROREADY デザインド フォー ムーブメント 半袖Tシャツ,ジム・トレーニング,AEROREADY デザインド フォー ムーブメント 半袖Tシャツ,2302,"XS, S, M, L, O (XL), XO (2XL), 2XO (3XL), 3XO (4XL), 4XO (5XL)",https://shop.adidas.jp/products/IC7271/
iconArrowCircleLeft戻る/トップ/メンズ/ラグビー/ウェア・服/トップス/パーカー(フーディー)/オールブラックス ラグビー アンセムジャケット,ラグビー,オールブラックス ラグビー アンセムジャケット,11550,"XS, M, XL, 2XL, 4XL, 6XL",https://shop.adidas.jp/products/HZ9787
iconArrowCircleLeft戻る/トップ/メンズ/サッカー/ウェア・服/トップス/ユニフォーム/クラブチーム/アヤックス・アムステルダム アイコン ジャージー,サッカー,アヤックス・アムステルダム アイコン ジャージー,2970,"S, M, L, XL, 2XL, 3XL",https://shop.adidas.jp/products/IC3448
iconArrowCircleLeft戻る/トップ/メンズ/ウェア・服/トップス/ユニフォーム/スポーツウェア/M SERENO 3ST Tシャツ,スポーツウェア,M SERENO 3ST Tシャツ,1980,"XS, S, M, L, O (XL), XO (2XL), 2XO (3XL), 3XO (4XL), 4XO (5XL)",https://shop.adidas.jp/products/GT8797
iconArrowCircleLeft戻る/トップ/メンズ/アウトドア/ウェア・服/トップス/Tシャツ/アディダス テレックス/インナー/Xperior メリノ 150 ベースレイヤー 長袖Tシャツ,アディダス テレックス,Xperior メリノ 150 ベースレイヤー 長袖Tシャツ,6270,"XS, S, M, L, XL, 2XL",https://shop.adidas.jp/products/HZ8559/
iconArrowCircleLeft戻る/トップ/ユニセックス/ランニング/ウェア・服/トップス/Tシャツ/駅伝 ランニング半袖Tシャツ（ジェンダーニュートラル）,ランニング,駅伝 ランニング半袖Tシャツ（ジェンダーニュートラル）,7150,"XS, M, XL, 2XL",https://shop.adidas.jp/products/IU0691
iconArrowCircleLeft戻る/トップ/メンズ/ウェア・服/トップス/パーカー(フーディー)/スポーツウェア/エッセンシャルズ/ESSENTIALS PLUS/エッセンシャルズ プラス ルーズフィット スリーストライプス フレンチテリー プルオーバーパーカー,スポーツウェア,エッセンシャルズ プラス ルーズフィット スリーストライプス フレンチテリー プルオーバーパーカー,7150,"2XS, XS, S, M, L, XL, 2XL, 3XL",https://shop.adidas.jp/products/JF3986
iconArrowCircleLeft戻る/トップ/メンズ/ウェア・服/トップス/Tシャツ/オリジナルス/ハック ラグビー 長袖Tシャツ,オリジナルス,ハック ラグビー 長袖Tシャツ,7656,"XS, S, M, L, XL, 2XL, 3XL",https://shop.adidas.jp/products/HZ0708
iconArrowCircleLeft戻る/トップ/ユニセックス/ラグビー/ウェア・服/トップス/Tシャツ/オールブラックス ラグビー 半袖ライフスタイルTシャツ（ジェンダーニュートラル）,ラグビー,オールブラックス ラグビー 半袖ライフスタイルTシャツ（ジェンダーニュートラル）,3135,"XS, S, M, L, XL, 2XL, 3XL",https://shop.adidas.jp/products/IA5006/
iconArrowCircleLeft戻る/トップ/メンズ/サッカー/ウェア・服/トップス/ユニフォーム/クラブチーム/ユベントス 23/24 ホームオーセンティック ユニフォーム,サッカー,ユベントス 23/24 ホームオーセンティック ユニフォーム,18700,"XS, S, M, L, XL, 2XL, 3XL",https://shop.adidas.jp/products/HR8248
iconArrowCircleLeft戻る/トップ/メンズ/ウェア・服/トップス/スウェット（トレーナー）/オリジナルス/AE ファウンデーション クルーネックスウェット,オリジナルス,AE ファウンデーション クルーネックスウェット,11000,"S, M, L, XL, 2XL, 3XL",https://shop.adidas.jp/products/IM8232
iconArrowCircleLeft戻る/トップ/メンズ/サッカー/ウェア・服/トップス/ジャージ/クラブチーム/レアル・マドリード ティロ 23 トレーニングトップ,サッカー,レアル・マドリード ティロ 23 トレーニングトップ,9350,"S, M, L, XL, 2XL, 3XL",https://shop.adidas.jp/products/IB0873
iconArrowCircleLeft戻る/トップ/メンズ/ウェア・服/トップス/Tシャツ/オリジナルス/アディカラー/アディカラー クラシック/アディカラー クラシックス トレフォイルTシャツ,オリジナルス,アディカラー クラシックス トレフォイルTシャツ,2970,"XS, S, M, L, XL, 2XL, 3XL, 4XL, 5XL, 6XL",https://shop.adidas.jp/products/IM4410/
iconArrowCircleLeft戻る/トップ/メンズ/ジム・トレーニング/ウェア・服/トップス/スウェット（トレーナー）/ジム+ トレーニング 1/4ジップ 長袖Tシャツ,ジム・トレーニング,ジム+ トレーニング 1/4ジップ 長袖Tシャツ,6600,"XS, S, M, L, XL, 2XL",https://shop.adidas.jp/products/IR5882
iconArrowCircleLeft戻る/トップ/メンズ/アウトドア/ウェア・服/トップス/Tシャツ/アディダス テレックス/テレックス マルチ ハーフジップ 長袖Tシャツ,アディダス テレックス,テレックス マルチ ハーフジップ 長袖Tシャツ,6600,"S, M, L, XL, 2XL, 3XL",https://shop.adidas.jp/products/HM4020
iconArrowCircleLeft戻る/トップ/メンズ/ジム・トレーニング/ウェア・服/トップス/Tシャツ/スリー ストライプス/トレイン エッセンシャルズ スリーストライプス トレーニング半袖Tシャツ,ジム・トレーニング,トレイン エッセンシャルズ スリーストライプス トレーニング半袖Tシャツ,3300,"XS, S, M, L, XL, 2XL, 3XL",https://shop.adidas.jp/products/IB8151
iconArrowCircleLeft戻る/トップ/メンズ/ランニング/ウェア・服/トップス/Tシャツ/オウン ザ ラン 半袖Tシャツ,ランニング,オウン ザ ラン 半袖Tシャツ,3192,"S, M, L, O (XL), XO (2XL), 2XO (3XL)",https://shop.adidas.jp/products/IM2528/
iconArrowCircleLeft戻る/トップ/メンズ/ゴルフ/ウェア・服/トップス/ポロシャツ/Go-To コレクション/GO-TO クレストモックシャツ,ゴルフ,GO-TO クレストモックシャツ,8910,"XS, S, M, L, XL, 2XL",https://shop.adidas.jp/products/IQ2971
iconArrowCircleLeft戻る/トップ/メンズ/ジム・トレーニング/ウェア・服/トップス/ポロシャツ/スリー ストライプス/トレイン エッセンシャルズ ピケ スリーストライプス トレーニング ポロシャツ,ジム・トレーニング,トレイン エッセンシャルズ ピケ スリーストライプス トレーニング ポロシャツ,4400,"XS, S, M, L, XL, 2XL, 3XL",https://shop.adidas.jp/products/IB8107
iconArrowCircleLeft戻る/トップ/メンズ/ゴルフ/ウェア・服/トップス/パーカー(フーディー)/アディクロスライン/ADICROSS バックロゴ 長袖フーディー,ゴルフ,ADICROSS バックロゴ 長袖フーディー,9240,"2XS, XS, S, M, L, XL, 2XL",https://shop.adidas.jp/products/HS3203
iconArrowCircleLeft戻る/トップ/メンズ/ジム・トレーニング/ウェア・服/トップス/Tシャツ/HIIT スローガン トレーニングTシャツ,ジム・トレーニング,HIIT スローガン トレーニングTシャツ,2970,"XS, S, M, L, XL, 2XL, 3XL",https://shop.adidas.jp/products/IL7006/
iconArrowCircleLeft戻る/トップ/メンズ/サッカー/ウェア・服/トップス/ジャージ/クラブチーム/ユベントス アンセムジャケット,サッカー,ユベントス アンセムジャケット,13200,"XS, S, M, L, XL, 2XL, 3XL",https://shop.adidas.jp/products/HZ4985
iconArrowCircleLeft戻る/トップ/メンズ/サッカー/ウェア・服/トップス/ユニフォーム/クラブチーム/ASローマ 23/24 ホームユニフォーム,サッカー,ASローマ 23/24 ホームユニフォーム,13200,"S, M, L, XL, 2XL, 3XL",https://shop.adidas.jp/products/IK7166
iconArrowCircleLeft戻る/トップ/メンズ/ウェア・服/トップス/パーカー(フーディー)/オリジナルス/グラフィックパーカー,オリジナルス,グラフィックパーカー,13200,"XS, S, M, L, XL, 2XL, 3XL",https://shop.adidas.jp/products/JF2864
iconArrowCircleLeft戻る/トップ/メンズ/サッカー/ウェア・服/トップス/ユニフォーム/クラブチーム/アヤックス・アムステルダム 23/24 サードユニフォーム,サッカー,アヤックス・アムステルダム 23/24 サードユニフォーム,13200,"S, M, L, XL, 2XL, 3XL",https://shop.adidas.jp/products/HZ7723/
iconArrowCircleLeft戻る/トップ/メンズ/サッカー/ウェア・服/トップス/ユニフォーム/リーベル・プレート 23/24 ホームユニフォーム,サッカー,リーベル・プレート 23/24 ホームユニフォーム,13200,"S, M, L, XL, 3XL",https://shop.adidas.jp/products/HT3677/
iconArrowCircleLeft戻る/トップ/メンズ/サッカー/ウェア・服/トップス/ユニフォーム/代表/サッカー日本代表 2022 ホーム オーセンティック ユニフォーム,サッカー,サッカー日本代表 2022 ホーム オーセンティック ユニフォーム,17600,"2XS, XS, S, M, L, XL, 2XL, 3XL",https://shop.adidas.jp/products/HF1851/
iconArrowCircleLeft戻る/トップ/メンズ/ウェア・服/トップス/パーカー(フーディー)/オリジナルス/AE ファウンデーション パーカー,オリジナルス,AE ファウンデーション パーカー,12100,"XS, S, M, L, XL, 2XL, 3XL",https://shop.adidas.jp/products/IU2809
iconArrowCircleLeft戻る/トップ/メンズ/ウェア・服/トップス/スウェット（トレーナー）/スポーツウェア/エッセンシャルズ/ESSENTIALS PLUS/エッセンシャルズ プラス ルーズフィット スモールロゴ フレンチテリー スウェットシャツ,スポーツウェア,エッセンシャルズ プラス ルーズフィット スモールロゴ フレンチテリー スウェットシャツ,6050,"2XS, XS, S, M, L, XL, 2XL, 3XL",https://shop.adidas.jp/products/JF3973
iconArrowCircleLeft戻る/トップ/メンズ/アウトドア/ウェア・服/トップス/シャツ/アディダス テレックス/テレックス アグラヴィック トレイル ランニングTシャツ,アディダス テレックス,テレックス アグラヴィック トレイル ランニングTシャツ,6050,"S, M, L, XL, 2XL",https://shop.adidas.jp/products/HT9441
iconArrowCircleLeft戻る/トップ/メンズ/ゴルフ/ウェア・服/トップス/ポロシャツ/ULT365 PRIMEKNITサイドシームレスモック,ゴルフ,ULT365 PRIMEKNITサイドシームレスモック,11990,"M, L, XL, 2XL",https://shop.adidas.jp/products/IN6649/
iconArrowCircleLeft戻る/トップ/ユニセックス/バスケットボール/ウェア・服/トップス/Tシャツ/THE 2024 COLLECTION/アディダス バスケットボール  001 Tシャツ,バスケットボール,アディダス バスケットボール  001 Tシャツ,5500,"XS, S, M, L, XL, 2XL, 3XL, 4XL, 5XL",https://shop.adidas.jp/products/IT4510
iconArrowCircleLeft戻る/トップ/メンズ/スケートボーディング/ウェア・服/トップス/Tシャツ/オリジナルス/シュムーフォイル/シュムーフォイル オールスター 長袖Tシャツ,オリジナルス,シュムーフォイル オールスター 長袖Tシャツ,6050,"XS, S, M, L, XL, 2XL, 3XL",https://shop.adidas.jp/products/IU0093
iconArrowCircleLeft戻る/トップ/メンズ/ゴルフ/ウェア・服/トップス/ポロシャツ/HEAT.RDY BOSジャガードポロ,ゴルフ,HEAT.RDY BOSジャガードポロ,10890,"S, M, L, XL, 2XL",https://shop.adidas.jp/products/IN2794
iconArrowCircleLeft戻る/トップ/メンズ/ゴルフ/ウェア・服/トップス/ポロシャツ/HEAT. RDYデボスグラフィックシャツ,ゴルフ,HEAT. RDYデボスグラフィックシャツ,10890,"S, M, L, XL, 2XL",https://shop.adidas.jp/products/IN9037/
iconArrowCircleLeft戻る/トップ/メンズ/ウェア・服/トップス/Tシャツ/オリジナルス/アディカラー/アディカラー Neuclassics 半袖Tシャツ,オリジナルス,アディカラー Neuclassics 半袖Tシャツ,3784,"2XS, XS, S, M, L, XL, 2XL, 3XL",https://shop.adidas.jp/products/IM2094
iconArrowCircleLeft戻る/トップ/メンズ/サイクリング/ウェア・服/トップス/ユニフォーム/半袖サイクリングジャージー,サイクリング,半袖サイクリングジャージー,4400,"XS, S, M, L, XL, 2XL, 3XL",https://shop.adidas.jp/products/HT3657
iconArrowCircleLeft戻る/トップ/メンズ/ウェア・服/トップス/Tシャツ/オリジナルス/SST 半袖Tシャツ,オリジナルス,SST 半袖Tシャツ,5170,"2XS, XS, S, M, L, XL, 2XL, 3XL",https://shop.adidas.jp/products/IS2830
iconArrowCircleLeft戻る/トップ/メンズ/テニス/ウェア・服/トップス/ポロシャツ/テニス フリーリフト ポロシャツ,テニス,テニス フリーリフト ポロシャツ,3080,"XS, S, M, L, XL, 2XL, 3XL",https://shop.adidas.jp/products/HS3316/
iconArrowCircleLeft戻る/トップ/メンズ/ウェア・服/トップス/Tシャツ/スポーツウェア/Logo Pen Fill - スポーツウェア グラフィック 半袖Tシャツ,スポーツウェア,Logo Pen Fill - スポーツウェア グラフィック 半袖Tシャツ,2200,"S, M, L, XL",https://shop.adidas.jp/products/HS2514
iconArrowCircleLeft戻る/トップ/メンズ/ウェア・服/トップス/Tシャツ/スポーツウェア/エッセンシャル エンブロイダード リニアロゴ 半袖Tシャツ / Essentials Embroidered Linear Logo Tee,スポーツウェア,エッセンシャル エンブロイダード リニアロゴ 半袖Tシャツ / Essentials Embroidered Linear Logo Tee,1532,"XS, S, M, L, O (XL), XO (2XL), 2XO (3XL), 3XO (4XL), 4XO (5XL)",https://shop.adidas.jp/products/GL0062
iconArrowCircleLeft戻る/トップ/メンズ/サッカー/ウェア・服/トップス/ユニフォーム/ティロ/ティロ 23 リーグジャージー,サッカー,ティロ 23 リーグジャージー,2541,"XS, S, M, L, XL, 2XL, 3XL",https://shop.adidas.jp/products/IN8165
iconArrowCircleLeft戻る/トップ/メンズ/ウェア・服/トップス/Tシャツ/オリジナルス/ストリート Neuclassic 長袖Tシャツ,オリジナルス,ストリート Neuclassic 長袖Tシャツ,8470,"XS, S, M, L, XL, 2XL, 3XL",https://shop.adidas.jp/products/IS2814/
iconArrowCircleLeft戻る/トップ/メンズ/サッカー/ウェア・服/トップス/Tシャツ/クラブチーム/FCバイエルン LFSTLR オーバーサイズ 半袖Tシャツ,サッカー,FCバイエルン LFSTLR オーバーサイズ 半袖Tシャツ,7370,"S, M, L, XL, 2XL, 3XL",https://shop.adidas.jp/products/HY3302
iconArrowCircleLeft戻る/トップ/メンズ/ゴルフ/ウェア・服/トップス/ポロシャツ/Go-To コレクション/ウッドタイルパターンプリント 半袖ポロシャツ,ゴルフ,ウッドタイルパターンプリント 半袖ポロシャツ,7315,"S, M, L, XL, 2XL",https://shop.adidas.jp/products/HS4494
iconArrowCircleLeft戻る/トップ/メンズ/サッカー/ウェア・服/トップス/ユニフォーム/クラブチーム/レアル・マドリード ティロ 23 トレーニングジャージー,サッカー,レアル・マドリード ティロ 23 トレーニングジャージー,6270,"S, M, L, XL, 2XL, 3XL",https://shop.adidas.jp/products/IB0867
iconArrowCircleLeft戻る/トップ/メンズ/テニス/ウェア・服/トップス/Tシャツ/テニス フリーリフト 半袖Tシャツ,テニス,テニス フリーリフト 半袖Tシャツ,3025,"S, M, L, XL, 2XL, 3XL",https://shop.adidas.jp/products/HS3313/
iconArrowCircleLeft戻る/トップ/メンズ/ウェア・服/トップス/パーカー(フーディー)/スポーツウェア/ワーディング ルーズフィット フリース フルジップパーカー（ジェンダーニュートラル）,スポーツウェア,ワーディング ルーズフィット フリース フルジップパーカー（ジェンダーニュートラル）,6776,"XS, S, M, L, XL, 2XL, 3XL",https://shop.adidas.jp/products/IK7327
iconArrowCircleLeft戻る/トップ/ユニセックス/サッカー/ウェア・服/トップス/ユニフォーム/代表/メキシコ代表 アウェイ 85ジャージー,サッカー,メキシコ代表 アウェイ 85ジャージー,14300,"XS, M, XL, 2XL",https://shop.adidas.jp/products/IT7759
iconArrowCircleLeft戻る/トップ/メンズ/ゴルフ/ウェア・服/トップス/パーカー(フーディー)/エンボスプリント ダンボールニット 長袖フーディー,ゴルフ,エンボスプリント ダンボールニット 長袖フーディー,7150,"S, M, L, XL, 2XL",https://shop.adidas.jp/products/HY0972
iconArrowCircleLeft戻る/トップ/ユニセックス/バスケットボール/ウェア・服/トップス/Tシャツ/THE 2024 COLLECTION/バスケットボール 長袖Tシャツ（ジェンダーフリー）,バスケットボール,バスケットボール 長袖Tシャツ（ジェンダーフリー）,7150,"XS, S, M, L, XL, 2XL, 3XL",https://shop.adidas.jp/products/IT4508
iconArrowCircleLeft戻る/トップ/ユニセックス/ジム・トレーニング/ウェア・服/トップス/パーカー(フーディー)/Les Mills グラフィックパーカー,ジム・トレーニング,Les Mills グラフィックパーカー,7700,"XS, S, M, L, XL, 2XL, 3XL",https://shop.adidas.jp/products/IX7981
iconArrowCircleLeft戻る/トップ/メンズ/ウェア・服/トップス/Tシャツ/オリジナルス/AE ファンデーション 半袖Tシャツ,オリジナルス,AE ファンデーション 半袖Tシャツ,5170,"XS, S, M, L, XL, 2XL, 3XL",https://shop.adidas.jp/products/IU2810
iconArrowCircleLeft戻る/トップ/メンズ/ウェア・服/トップス/Tシャツ/スポーツウェア/スポーツウェア ブランドラブ 半袖Tシャツ,スポーツウェア,スポーツウェア ブランドラブ 半袖Tシャツ,2970,"XS, S, M, L, XL, 2XL, 3XL",https://shop.adidas.jp/products/II3450
iconArrowCircleLeft戻る/トップ/メンズ/ウェア・服/トップス/Tシャツ/オリジナルス/スリー ストライプス/エンジニアード スリーストライプス半袖Tシャツ,オリジナルス,エンジニアード スリーストライプス半袖Tシャツ,3465,"2XS, XS, S, M, L, XL, 2XL, 3XL",https://shop.adidas.jp/products/IL4702
iconArrowCircleLeft戻る/トップ/メンズ/ジム・トレーニング/ウェア・服/トップス/Tシャツ/トレイン エッセンシャルズ シーズナルカモ 半袖Tシャツ,ジム・トレーニング,トレイン エッセンシャルズ シーズナルカモ 半袖Tシャツ,2970,"5XLT, XS, S, M, L, XL, 2XL, 3XL, 4XLT, 6XLT",https://shop.adidas.jp/products/IJ9607
iconArrowCircleLeft戻る/トップ/ユニセックス/ウェア・服/トップス/Tシャツ/オリジナルス/RM トップセット,オリジナルス,RM トップセット,3300,"XS, S, M, L, XL, 2XL, 3XL",https://shop.adidas.jp/products/II0901
iconArrowCircleLeft戻る/トップ/メンズ/サッカー/ウェア・服/トップス/Tシャツ/ティロ/ティロ 23 コンペティション 半袖Tシャツ,サッカー,ティロ 23 コンペティション 半袖Tシャツ,3850,"XS, M, L, XL, 2XL, 3XL",https://shop.adidas.jp/products/HK8036
iconArrowCircleLeft戻る/トップ/メンズ/ジム・トレーニング/ウェア・服/トップス/パーカー(フーディー)/Best of Adi トレーニングジャケット,ジム・トレーニング,Best of Adi トレーニングジャケット,4950,"XS, S, M, L, XL, 2XL, 3XL",https://shop.adidas.jp/products/HY5450/
iconArrowCircleLeft戻る/トップ/メンズ/ゴルフ/ウェア・服/トップス/ポロシャツ/Go-To コレクション/GO-TO トーナルカモ メッシュシャツ,ゴルフ,GO-TO トーナルカモ メッシュシャツ,9460,"XS, S, M, L, XL, 2XL",https://shop.adidas.jp/products/IQ2922
iconArrowCircleLeft戻る/トップ/メンズ/ウェア・服/トップス/Tシャツ/スポーツウェア/Z.N.E./adidas Z.N.E. Tシャツ,スポーツウェア,adidas Z.N.E. Tシャツ,4400,"XS, S, M, L, XL, 2XL, 3XL",https://shop.adidas.jp/products/IL9470
iconArrowCircleLeft戻る/トップ/メンズ/サッカー/ウェア・服/トップス/Tシャツ/クラブチーム/ユベントス LFSTLR オーバーサイズ 半袖Tシャツ,サッカー,ユベントス LFSTLR オーバーサイズ 半袖Tシャツ,7370,"XS, S, M, L, XL, 2XL, 3XL",https://shop.adidas.jp/products/IT9688
iconArrowCircleLeft戻る/トップ/メンズ/ジム・トレーニング/ウェア・服/トップス/Tシャツ/トレイン エッセンシャルズ Feelready ロゴ トレーニング半袖Tシャツ,ジム・トレーニング,トレイン エッセンシャルズ Feelready ロゴ トレーニング半袖Tシャツ,1980,"XS, S, M, L, XL, 2XL, 3XL",https://shop.adidas.jp/products/IC1219
iconArrowCircleLeft戻る/トップ/メンズ/サッカー/ウェア・服/トップス/Tシャツ/インナー/テックフィット AEROREADY 長袖Tシャツ,サッカー,テックフィット AEROREADY 長袖Tシャツ,3850,"L, XL, 2XL",https://shop.adidas.jp/products/HP0625
iconArrowCircleLeft戻る/トップ/メンズ/スケートボーディング/ウェア・服/トップス/Tシャツ/オリジナルス/シュムーフォイル/シュムーフォイル モニュメント 半袖Tシャツ,オリジナルス,シュムーフォイル モニュメント 半袖Tシャツ,4730,"XS, S, M, L, XL, 2XL, 3XL",https://shop.adidas.jp/products/IU0096
iconArrowCircleLeft戻る/トップ/ユニセックス/バスケットボール/ウェア・服/トップス/Tシャツ/THE 2024 COLLECTION/バスケットボール 長袖Tシャツ（ジェンダーフリー）,バスケットボール,バスケットボール 長袖Tシャツ（ジェンダーフリー）,7150,"XS, S, M, L, XL, 2XL, 3XL",https://shop.adidas.jp/products/IR8489
iconArrowCircleLeft戻る/トップ/メンズ/サッカー/ウェア・服/トップス/パーカー(フーディー)/ティロ/ティロ 23 コンペティションパーカー,サッカー,ティロ 23 コンペティションパーカー,4422,"S, M, L, XL, 2XL, 3XL",https://shop.adidas.jp/products/HU1349
iconArrowCircleLeft戻る/トップ/メンズ/ウェア・服/トップス/Tシャツ/オリジナルス/Nice ストライプTシャツ,オリジナルス,Nice ストライプTシャツ,3465,"XS, S, M, L, XL, 2XL, 3XL",https://shop.adidas.jp/products/IR7586
iconArrowCircleLeft戻る/トップ/ユニセックス/バスケットボール/ウェア・服/トップス/Tシャツ/THE 2024 COLLECTION/アディダス バスケットボール  001 Tシャツ,バスケットボール,アディダス バスケットボール  001 Tシャツ,5500,"XS, S, M, L, XL, 2XL, 3XL",https://shop.adidas.jp/products/IX1968
iconArrowCircleLeft戻る/トップ/メンズ/ゴルフ/ウェア・服/トップス/ポロシャツ/Go-To コレクション/GO-TO トーナルカモ メッシュシャツ,ゴルフ,GO-TO トーナルカモ メッシュシャツ,9460,"XS, S, M, L, XL, 2XL",https://shop.adidas.jp/products/IU4428
iconArrowCircleLeft戻る/トップ/メンズ/ゴルフ/ウェア・服/トップス/ポロシャツ/Go-To コレクション/GO-TO トーナルカモ メッシュシャツ,ゴルフ,GO-TO トーナルカモ メッシュシャツ,9460,"XS, S, M, L, XL, 2XL",https://shop.adidas.jp/products/IU4429/
iconArrowCircleLeft戻る/トップ/メンズ/ランニング/ウェア・服/トップス/Tシャツ/デザインド 4 ランニング 半袖Tシャツ,ランニング,デザインド 4 ランニング 半袖Tシャツ,2970,"XS, S, M, L, O (XL), XO (2XL), 2XO (3XL), 4XO (5XL)",https://shop.adidas.jp/products/HC9826
iconArrowCircleLeft戻る/トップ/メンズ/サッカー/ウェア・服/トップス/ジャージ/サラー ジャケット,サッカー,サラー ジャケット,6600,"S, M, L, XL, 2XL, 3XL",https://shop.adidas.jp/products/IJ4949
iconArrowCircleLeft戻る/トップ/メンズ/サッカー/ウェア・服/トップス/ジャージ/ティロ/ティロ 23 コンペティション ウィンタライズドトップ,サッカー,ティロ 23 コンペティション ウィンタライズドトップ,7480,"XS, S, M, L, XL, 2XL, 3XL",https://shop.adidas.jp/products/IA5375
iconArrowCircleLeft戻る/トップ/メンズ/ジム・トレーニング/ウェア・服/トップス/Tシャツ/HEAT.RDY/Designed 4 Training HEAT. RDY HIIT トレーニング 半袖Tシャツ,ジム・トレーニング,Designed 4 Training HEAT. RDY HIIT トレーニング 半袖Tシャツ,2508,"XS, S, M, L, XL, 2XL, 3XL",https://shop.adidas.jp/products/HS7458
iconArrowCircleLeft戻る/トップ/メンズ/ウェア・服/トップス/Tシャツ/スポーツウェア/エッセンシャルズ/エッセンシャルズ シングルジャージー ビッグロゴ半袖Tシャツ,スポーツウェア,エッセンシャルズ シングルジャージー ビッグロゴ半袖Tシャツ,3300,"XS, S, M, L, XL, 2XL, 3XL",https://shop.adidas.jp/products/IC9347
iconArrowCircleLeft戻る/トップ/メンズ/ゴルフ/ウェア・服/トップス/ポロシャツ/BOSグラフィック モックネック 半袖シャツ,ゴルフ,BOSグラフィック モックネック 半袖シャツ,5390,"S, M, L, XL, 2XL",https://shop.adidas.jp/products/IB1996
iconArrowCircleLeft戻る/トップ/メンズ/サッカー/ウェア・服/トップス/ユニフォーム/クラブチーム/マンチェスター・ユナイテッド チャイニーズストーリー 半袖Tシャツ,サッカー,マンチェスター・ユナイテッド チャイニーズストーリー 半袖Tシャツ,2310,"S, M, L, XL, 2XL, 3XL",https://shop.adidas.jp/products/IC4975
iconArrowCircleLeft戻る/トップ/メンズ/バスケットボール/ウェア・服/トップス/ユニフォーム/セレクト ウォームアップ ノースリーブジャージー,バスケットボール,セレクト ウォームアップ ノースリーブジャージー,4730,"XS, S, M, L, XL, 2XL, 3XL, 4XLT, 6XLT",https://shop.adidas.jp/products/IM4211
iconArrowCircleLeft戻る/トップ/メンズ/スケートボーディング/ウェア・服/トップス/Tシャツ/オリジナルス/シュムーフォイル/シュムーフォイル ノットイージー 半袖Tシャツ,オリジナルス,シュムーフォイル ノットイージー 半袖Tシャツ,4730,"XS, S, M, L, XL, 2XL, 3XL",https://shop.adidas.jp/products/IU0079
iconArrowCircleLeft戻る/トップ/メンズ/スケートボーディング/ウェア・服/トップス/Tシャツ/オリジナルス/ヘンリー・ジョーンズ マイテ半袖Tシャツ,オリジナルス,ヘンリー・ジョーンズ マイテ半袖Tシャツ,4730,"XS, S, M, L, XL, 2XL, 3XL",https://shop.adidas.jp/products/IU0120
iconArrowCircleLeft戻る/トップ/メンズ/ジム・トレーニング/ウェア・服/トップス/Tシャツ/インナー/テックフィット スリーストライプス トレーニング半袖Tシャツ,ジム・トレーニング,テックフィット スリーストライプス トレーニング半袖Tシャツ,4730,"XS, S, M, L, XL, 2XL, 3XL",https://shop.adidas.jp/products/HD3525
iconArrowCircleLeft戻る/トップ/メンズ/ウェア・服/トップス/スウェット（トレーナー）/オリジナルス/レトロ クォータージップジャケット,オリジナルス,レトロ クォータージップジャケット,8360,"XS, M, XL, 2XL, 4XL",https://shop.adidas.jp/products/IN2374
iconArrowCircleLeft戻る/トップ/メンズ/ランニング/ウェア・服/トップス/Tシャツ/アルティメット エンジニアードニット 半袖Tシャツ,ランニング,アルティメット エンジニアードニット 半袖Tシャツ,5005,"XS, S, M, L, XL, 2XL, 3XL",https://shop.adidas.jp/products/IM4194
iconArrowCircleLeft戻る/トップ/メンズ/テニス/ウェア・服/トップス/Tシャツ/HEAT.RDY/メルボルン エルゴ テニス HEAT. RDY ラグラン半袖Tシャツ,テニス,メルボルン エルゴ テニス HEAT. RDY ラグラン半袖Tシャツ,5005,"S, M, L, XL, 2XL, 3XL",https://shop.adidas.jp/products/HT7208
iconArrowCircleLeft戻る/トップ/メンズ/ゴルフ/ウェア・服/トップス/ポロシャツ/半袖タイダイプリントシャツ,ゴルフ,半袖タイダイプリントシャツ,4999,"S, M, L, XL, 2XL",https://shop.adidas.jp/products/HT0081/
iconArrowCircleLeft戻る/トップ/ユニセックス/ウェア・服/トップス/スウェット（トレーナー）/バイ ステラ マッカートニー/adidas by Stella McCartney スポーツウェア プルオン スウェットシャツ（ジェンダーニュートラル）,バイ ステラ マッカートニー,adidas by Stella McCartney スポーツウェア プルオン スウェットシャツ（ジェンダーニュートラル）,8580,"XS, S, M, L, XL, 2XL, 3XL",https://shop.adidas.jp/products/IA7726
iconArrowCircleLeft戻る/トップ/メンズ/ジム・トレーニング/ウェア・服/トップス/Tシャツ/ワークアウト PUプリント 長袖Tシャツ,ジム・トレーニング,ワークアウト PUプリント 長袖Tシャツ,5720,"S, M, L, XL, 2XL, 3XL",https://shop.adidas.jp/products/HS7495
iconArrowCircleLeft戻る/トップ/メンズ/ウェア・服/トップス/Tシャツ/オリジナルス/MINI ME（ミニミー）/トレフォイル エッセンシャルズ 半袖Tシャツ,オリジナルス,トレフォイル エッセンシャルズ 半袖Tシャツ,2200,"XS, S, M, L, XL, 2XL, 3XL, 4XL, 5XL",https://shop.adidas.jp/products/IL2519
iconArrowCircleLeft戻る/トップ/メンズ/ウェア・服/トップス/ジャージ/オリジナルス/アディダス Rekive ウーブントラックジャケット,オリジナルス,アディダス Rekive ウーブントラックジャケット,8470,"2XS, XS, S, M, L, XL, 2XL, 3XL",https://shop.adidas.jp/products/IC6004/
iconArrowCircleLeft戻る/トップ/メンズ/ジム・トレーニング/ウェア・服/トップス/Tシャツ/M D2M メランジ ロングTシャツ,ジム・トレーニング,M D2M メランジ ロングTシャツ,3289,"XS, M, O (XL), 2XO (3XL), 4XO (5XL), 6XO (7XL)",https://shop.adidas.jp/products/GT5563/
iconArrowCircleLeft戻る/トップ/メンズ/ウェア・服/トップス/パーカー(フーディー)/オリジナルス/アディダス RIFTA メトロ AAC パーカー,オリジナルス,アディダス RIFTA メトロ AAC パーカー,5500,"XS, S, M, L, XL, 2XL, 3XL",https://shop.adidas.jp/products/IC8383
iconArrowCircleLeft戻る/トップ/メンズ/ゴルフ/ウェア・服/トップス/ポロシャツ/アディクロスライン/ADICROSS カラーブロック 半袖ラグビーポロ,ゴルフ,ADICROSS カラーブロック 半袖ラグビーポロ,7315,"2XS, XS, S, M, L, XL, 2XL",https://shop.adidas.jp/products/HS3209
iconArrowCircleLeft戻る/トップ/メンズ/ジム・トレーニング/ウェア・服/トップス/Tシャツ/HEAT. RDY HIIT エレベーテッド トレーニング 半袖Tシャツ,ジム・トレーニング,HEAT. RDY HIIT エレベーテッド トレーニング 半袖Tシャツ,3850,"XS, S, M, L, XL, 2XL, 3XL",https://shop.adidas.jp/products/IM1106
iconArrowCircleLeft戻る/トップ/メンズ/ウェア・服/トップス/ジャージ/オリジナルス/アディカラー/アディカラー クラシック/アディカラー クラシックス SSTトラックジャケット（ジャージ）,オリジナルス,アディカラー クラシックス SSTトラックジャケット（ジャージ）,11000,"2XS, XS, S, M, L, XL, 2XL, 3XL",https://shop.adidas.jp/products/IA4784/
iconArrowCircleLeft戻る/トップ/メンズ/スケートボーディング/ウェア・服/トップス/Tシャツ/オリジナルス/LC フラワー 半袖Tシャツ,オリジナルス,LC フラワー 半袖Tシャツ,3784,"XS, S, M, L, XL, 2XL, 3XL",https://shop.adidas.jp/products/II5971
iconArrowCircleLeft戻る/トップ/メンズ/ウェア・服/トップス/スウェット（トレーナー）/スポーツウェア/エッセンシャルズ フリース ビッグロゴ スウェット,スポーツウェア,エッセンシャルズ フリース ビッグロゴ スウェット,4620,"S, M, L, XL, 2XL, 3XL, 4XLT, 6XLT",https://shop.adidas.jp/products/IB3995
iconArrowCircleLeft戻る/トップ/メンズ/ウェア・服/トップス/Tシャツ/スポーツウェア/ワーディング ルーズフィット 長袖Tシャツ,スポーツウェア,ワーディング ルーズフィット 長袖Tシャツ,3960,"XS, S, M, L, XL, 2XL, 3XL",https://shop.adidas.jp/products/IK7346
iconArrowCircleLeft戻る/トップ/メンズ/ウェア・服/トップス/Tシャツ/スポーツウェア/エッセンシャルズ/エッセンシャルズ シングルジャージー リニア刺しゅうロゴ 半袖Tシャツ,スポーツウェア,エッセンシャルズ シングルジャージー リニア刺しゅうロゴ 半袖Tシャツ,2750,"XS, S, M, L, XL, 2XL, 3XL",https://shop.adidas.jp/products/IC9275/
iconArrowCircleLeft戻る/トップ/メンズ/スケートボーディング/ウェア・服/トップス/Tシャツ/オリジナルス/シュムーフォイル/シュムーフォイル ティアー 半袖Tシャツ,オリジナルス,シュムーフォイル ティアー 半袖Tシャツ,2838,"XS, S, M, L, XL, 2XL, 3XL",https://shop.adidas.jp/products/II5950
iconArrowCircleLeft戻る/トップ/メンズ/ウェア・服/トップス/Tシャツ/オリジナルス/MINI ME（ミニミー）/トレフォイル エッセンシャルズ 半袖Tシャツ,オリジナルス,トレフォイル エッセンシャルズ 半袖Tシャツ,3080,"XS, S, M, L, XL, 2XL, 3XL, 4XL, 5XL, 6XL",https://shop.adidas.jp/products/IL2508
iconArrowCircleLeft戻る/トップ/メンズ/ウェア・服/トップス/Tシャツ/オリジナルス/SMR AOP IFL TEE,オリジナルス,SMR AOP IFL TEE,3080,"M, L, XL, 2XL",https://shop.adidas.jp/products/IL5010
iconArrowCircleLeft戻る/トップ/ユニセックス/バスケットボール/ウェア・服/トップス/ユニフォーム/子供用 3G スピード リバーシブル ジャージー [3G Speed Reversible Jersey],バスケットボール,子供用 3G スピード リバーシブル ジャージー [3G Speed Reversible Jersey],1532,"120, 130, 140, 150, 160",https://shop.adidas.jp/products/DY6621/
iconArrowCircleLeft戻る/トップ/ユニセックス/バスケットボール/ウェア・服/トップス/パーカー(フーディー)/THE 2024 COLLECTION/ワン バスケットボール フリースパーカー,バスケットボール,ワン バスケットボール フリースパーカー,13200,"XS, S, M, L, XL, 2XL, 3XL, 4XL, 5XL",https://shop.adidas.jp/products/IM8419
iconArrowCircleLeft戻る/トップ/ユニセックス/バスケットボール/ウェア・服/トップス/パーカー(フーディー)/THE 2024 COLLECTION/ワン バスケットボール フリースパーカー,バスケットボール,ワン バスケットボール フリースパーカー,13200,"XS, S, M, L, XL, 2XL, 3XL, 4XL, 5XL",https://shop.adidas.jp/products/IM8418
iconArrowCircleLeft戻る/トップ/メンズ/ゴルフ/ウェア・服/トップス/スウェット（トレーナー）/アディクロスライン/ADICROSS グラフィック軽量フーディー,ゴルフ,ADICROSS グラフィック軽量フーディー,14960,"2XS, XS, S, M, L, XL, 2XL",https://shop.adidas.jp/products/IT8327
iconArrowCircleLeft戻る/トップ/メンズ/ゴルフ/ウェア・服/トップス/ポロシャツ/スリー ストライプス/スリーストライプス メッシュベントモック,ゴルフ,スリーストライプス メッシュベントモック,8910,"S, M, L, XL, 2XL",https://shop.adidas.jp/products/IN9054/
iconArrowCircleLeft戻る/トップ/メンズ/ゴルフ/ウェア・服/トップス/ポロシャツ/Go-To コレクション/GO-TO ノベルティープリントシャツ,ゴルフ,GO-TO ノベルティープリントシャツ,9900,"XS, S, M, L, XL, 2XL",https://shop.adidas.jp/products/IU4426
iconArrowCircleLeft戻る/トップ/メンズ/ゴルフ/ウェア・服/トップス/ポロシャツ/スリー ストライプス/3ストライプス メッシュベントポロ,ゴルフ,3ストライプス メッシュベントポロ,9900,"S, M, L, XL, 2XL",https://shop.adidas.jp/products/IN9058
iconArrowCircleLeft戻る/トップ/メンズ/ウェア・服/トップス/スウェット（トレーナー）/スポーツウェア/エッセンシャルズ/ESSENTIALS PLUS/エッセンシャルズ プラス ルーズフィット スモールロゴ フレンチテリー スウェットシャツ,スポーツウェア,エッセンシャルズ プラス ルーズフィット スモールロゴ フレンチテリー スウェットシャツ,6050,"2XS, XS, S, M, L, XL, 2XL, 3XL",https://shop.adidas.jp/products/JF3972
iconArrowCircleLeft戻る/トップ/メンズ/サッカー/ウェア・服/トップス/ユニフォーム/クラブチーム/FCバイエルン 23/24 サード オーセンティックユニフォーム,サッカー,FCバイエルン 23/24 サード オーセンティックユニフォーム,18700,"XS, S, M, L, XL, 2XL",https://shop.adidas.jp/products/IQ4059/
iconArrowCircleLeft戻る/トップ/ユニセックス/バスケットボール/ウェア・服/トップス/スウェット（トレーナー）/THE 2024 COLLECTION/バスケットボール スエード調ノースリーブスウェットシャツ,バスケットボール,バスケットボール スエード調ノースリーブスウェットシャツ,17600,"XS, S, M, L, XL, 2XL, 3XL",https://shop.adidas.jp/products/IN7703
iconArrowCircleLeft戻る/トップ/メンズ/サッカー/ウェア・服/トップス/パーカー(フーディー)/クラブチーム/マンチェスター・ユナイテッド Designed for Gameday フルジップパーカー,サッカー,マンチェスター・ユナイテッド Designed for Gameday フルジップパーカー,14300,"S, M, L, XL, 2XL, 3XL, 4XL",https://shop.adidas.jp/products/IK8786
iconArrowCircleLeft戻る/トップ/メンズ/サッカー/ウェア・服/トップス/ユニフォーム/クラブチーム/セルティックFC 23/24 アウェイユニフォーム,サッカー,セルティックFC 23/24 アウェイユニフォーム,13200,"S, M, L, XL, 2XL",https://shop.adidas.jp/products/HY3322
iconArrowCircleLeft戻る/トップ/メンズ/ゴルフ/ウェア・服/トップス/ポロシャツ/マルチカラープリント 半袖ボタンダウンシャツ,ゴルフ,マルチカラープリント 半袖ボタンダウンシャツ,7315,"S, M, L, XL, 2XL",https://shop.adidas.jp/products/HT6836/
iconArrowCircleLeft戻る/トップ/メンズ/サッカー/ウェア・服/トップス/ユニフォーム/クラブチーム/FCバイエルン 23/24 ホーム オーセンティック ユニフォーム,サッカー,FCバイエルン 23/24 ホーム オーセンティック ユニフォーム,18700,"S, M, L, XL, 2XL",https://shop.adidas.jp/products/HR3729
iconArrowCircleLeft戻る/トップ/メンズ/サッカー/ウェア・服/トップス/Tシャツ/代表/メキシコ代表 DNA スリーストライプス 半袖Tシャツ,サッカー,メキシコ代表 DNA スリーストライプス 半袖Tシャツ,4950,"XS, M, XL, 2XL",https://shop.adidas.jp/products/IU2161
iconArrowCircleLeft戻る/トップ/メンズ/ゴルフ/ウェア・服/トップス/ポロシャツ/アルティメット365/PRIMEKNIT サイドシームレス 半袖ポロシャツ,ゴルフ,PRIMEKNIT サイドシームレス 半袖ポロシャツ,9240,"XS, S, M, L",https://shop.adidas.jp/products/HS7589
iconArrowCircleLeft戻る/トップ/メンズ/ゴルフ/ウェア・服/トップス/セーター/ULT365 PRIMEKNITケーブルセーター,ゴルフ,ULT365 PRIMEKNITケーブルセーター,19800,"S, M, L, XL, 2XL",https://shop.adidas.jp/products/IN6652/
iconArrowCircleLeft戻る/トップ/メンズ/ウェア・服/トップス/Tシャツ/オリジナルス/サンセット グラフィックTシャツ,オリジナルス,サンセット グラフィックTシャツ,4950,"XS, S, M, L, XL, 2XL, 3XL",https://shop.adidas.jp/products/JF2857
iconArrowCircleLeft戻る/トップ/メンズ/ウェア・服/トップス/Tシャツ/オリジナルス/デイ グラフィックTシャツ,オリジナルス,デイ グラフィックTシャツ,4950,"XS, S, M, L, XL, 2XL, 3XL",https://shop.adidas.jp/products/JF2858
iconArrowCircleLeft戻る/トップ/メンズ/ゴルフ/ウェア・服/トップス/ポロシャツ/アディクロスライン/ADICROSS ジャカードジップモック,ゴルフ,ADICROSS ジャカードジップモック,12980,"XS, 2XL, M, L, XL",https://shop.adidas.jp/products/IT8316
iconArrowCircleLeft戻る/トップ/メンズ/ゴルフ/ウェア・服/トップス/ポロシャツ/PRIMEKNIT サイドシームレス モノグラム 半袖ポロシャツ,ゴルフ,PRIMEKNIT サイドシームレス モノグラム 半袖ポロシャツ,10010,"M, L, XL, 2XL",https://shop.adidas.jp/products/HZ6073/
iconArrowCircleLeft戻る/トップ/メンズ/ゴルフ/ウェア・服/トップス/ポロシャツ/ノベルティープリント 半袖ストレッチシャツ,ゴルフ,ノベルティープリント 半袖ストレッチシャツ,6160,"S, M, L, XL, 2XL",https://shop.adidas.jp/products/HZ0437
iconArrowCircleLeft戻る/トップ/メンズ/ウェア・服/トップス/セーター/オリジナルス/スポーツウェア プルオーバートップ,オリジナルス,スポーツウェア プルオーバートップ,24200,"2XS, XS, S, M, L, XL, 2XL, 3XL",https://shop.adidas.jp/products/IN0986
iconArrowCircleLeft戻る/トップ/メンズ/ゴルフ/ウェア・服/トップス/ポロシャツ/アルティメット365/ULT365 PRIMEKNITサイドシームレスストライプモック,ゴルフ,ULT365 PRIMEKNITサイドシームレスストライプモック,10890,"XS, S, M, L",https://shop.adidas.jp/products/IQ2927
iconArrowCircleLeft戻る/トップ/メンズ/ウェア・服/トップス/パーカー(フーディー)/スポーツウェア/エッセンシャルズ/シーズナル エッセンシャルズ カモフラージュ パーカー,スポーツウェア,シーズナル エッセンシャルズ カモフラージュ パーカー,7150,"XS, S, M, L, XL, 2XL, 3XL",https://shop.adidas.jp/products/IN7122/
iconArrowCircleLeft戻る/トップ/メンズ/ゴルフ/ウェア・服/トップス/ポロシャツ/ラージフラワープリント 半袖ストレッチシャツ,ゴルフ,ラージフラワープリント 半袖ストレッチシャツ,4675,"S, M, L, XL, 2XL",https://shop.adidas.jp/products/HS1130
iconArrowCircleLeft戻る/トップ/ユニセックス/ウェア・服/トップス/ポロシャツ/オリジナルス/ラグビー 長袖ポロシャツ（ジェンダーニュートラル）,オリジナルス,ラグビー 長袖ポロシャツ（ジェンダーニュートラル）,7370,"S, M, L, XL, 2XL, 3XL",https://shop.adidas.jp/products/IR6379
iconArrowCircleLeft戻る/トップ/メンズ/ゴルフ/ウェア・服/トップス/ポロシャツ/アルティメット365/PRIMEKNIT サイドシームレス 半袖ポロシャツ,ゴルフ,PRIMEKNIT サイドシームレス 半袖ポロシャツ,9240,"M, L, XL, 2XL",https://shop.adidas.jp/products/HT0073
iconArrowCircleLeft戻る/トップ/ユニセックス/バスケットボール/ウェア・服/トップス/パーカー(フーディー)/THE 2024 COLLECTION/ワン バスケットボール フリースパーカー,バスケットボール,ワン バスケットボール フリースパーカー,13200,"XS, S, M, L, XL, 2XL, 3XL",https://shop.adidas.jp/products/IN4241/
iconArrowCircleLeft戻る/トップ/メンズ/ジム・トレーニング/ウェア・服/トップス/Tシャツ/トレイン エッセンシャルズ コンフォートトレーニング Tシャツ,ジム・トレーニング,トレイン エッセンシャルズ コンフォートトレーニング Tシャツ,3850,"L, XL, 2XL, 3XL",https://shop.adidas.jp/products/IC7422
iconArrowCircleLeft戻る/トップ/メンズ/ゴルフ/ウェア・服/トップス/ポロシャツ/スリー ストライプス/HEAT. RDYスリーストライプス 半袖ストレッチシャツ,ゴルフ,HEAT. RDYスリーストライプス 半袖ストレッチシャツ,6545,"S, M, L, XL, 2XL",https://shop.adidas.jp/products/HY0989
iconArrowCircleLeft戻る/トップ/メンズ/ゴルフ/ウェア・服/トップス/ポロシャツ/スリー ストライプス/HEAT. RDYスリーストライプス 半袖ストレッチシャツ,ゴルフ,HEAT. RDYスリーストライプス 半袖ストレッチシャツ,6545,"S, M, L, XL, 2XL",https://shop.adidas.jp/products/HY0990
iconArrowCircleLeft戻る/トップ/メンズ/ゴルフ/ウェア・服/トップス/ポロシャツ/PLAY GREEN チェストストライプ半袖モックネックシャツ,ゴルフ,PLAY GREEN チェストストライプ半袖モックネックシャツ,6160,"S, M, L, XL, 2XL",https://shop.adidas.jp/products/HT6871/
iconArrowCircleLeft戻る/トップ/メンズ/ウェア・服/トップス/Tシャツ/オリジナルス/アディダス アドベンチャー オーバーサイズTシャツ,オリジナルス,アディダス アドベンチャー オーバーサイズTシャツ,4389,"XS, S, M, L, XL, 2XL, 3XL",https://shop.adidas.jp/products/IJ0718
iconArrowCircleLeft戻る/トップ/メンズ/ウェア・服/トップス/Tシャツ/スポーツウェア/エッセンシャルズ/エッセンシャルズ シングルジャージー スモール刺しゅうロゴ 半袖Tシャツ,スポーツウェア,エッセンシャルズ シングルジャージー スモール刺しゅうロゴ 半袖Tシャツ,2200,"S, M, L, XL, 2XL, 3XL",https://shop.adidas.jp/products/IJ6109
iconArrowCircleLeft戻る/トップ/メンズ/ウェア・服/トップス/スウェット（トレーナー）/オリジナルス/トレフォイル エッセンシャルズ クルーネック,オリジナルス,トレフォイル エッセンシャルズ クルーネック,7656,"XS, S, M, L, XL, 2XL, 3XL",https://shop.adidas.jp/products/IM4532
iconArrowCircleLeft戻る/トップ/ユニセックス/ウェア・服/トップス/Tシャツ/Y-3/Y-3 BOXY SHORT SLEEVE TEE,Y-3,Y-3 BOXY SHORT SLEEVE TEE,18700,"2XS, XS, S, M, L, XL, 2XL",https://shop.adidas.jp/products/H44790/
iconArrowCircleLeft戻る/トップ/メンズ/ゴルフ/ウェア・服/トップス/スウェット（トレーナー）/BOS柄ステッチ 撥水 ハーフジップ 長袖スウェット,ゴルフ,BOS柄ステッチ 撥水 ハーフジップ 長袖スウェット,6930,"S, M, L, XL, 2XL",https://shop.adidas.jp/products/HZ0424
iconArrowCircleLeft戻る/トップ/メンズ/バスケットボール/ウェア・服/トップス/シャツ/トレイ ノースリーブ モックネックTシャツ,バスケットボール,トレイ ノースリーブ モックネックTシャツ,4730,"S, M, L, XL, 2XL, 3XL, 4XLT, 6XLT",https://shop.adidas.jp/products/IL1609
iconArrowCircleLeft戻る/トップ/メンズ/ゴルフ/ウェア・服/トップス/ポロシャツ/スリー ストライプス/スリーストライプス 半袖ストレッチボタンダウンシャツ,ゴルフ,スリーストライプス 半袖ストレッチボタンダウンシャツ,6160,"S, M, L, XL, 2XL",https://shop.adidas.jp/products/HG8266
iconArrowCircleLeft戻る/トップ/メンズ/ゴルフ/ウェア・服/トップス/ポロシャツ/スリー ストライプス/スリーストライプス 半袖ストレッチボタンダウンシャツ,ゴルフ,スリーストライプス 半袖ストレッチボタンダウンシャツ,6160,"S, M, L, XL, 2XL",https://shop.adidas.jp/products/HG8272/
iconArrowCircleLeft戻る/トップ/メンズ/ゴルフ/ウェア・服/トップス/ポロシャツ/HEAT.RDY/HEAT .RDY メッシュオーバーレイ 半袖シャツ,ゴルフ,HEAT .RDY メッシュオーバーレイ 半袖シャツ,6000,"S, M, L, O (XL), XO (2XL)",https://shop.adidas.jp/products/HB3576
iconArrowCircleLeft戻る/トップ/メンズ/ゴルフ/ウェア・服/トップス/ポロシャツ/トーナルプリント 半袖ストレッチシャツ,ゴルフ,トーナルプリント 半袖ストレッチシャツ,5775,"S, M, L, XL, 2XL",https://shop.adidas.jp/products/HK6855
iconArrowCircleLeft戻る/トップ/メンズ/ゴルフ/ウェア・服/トップス/ポロシャツ/プライムニット 半袖ボタンスタンドカラーシャツ,ゴルフ,プライムニット 半袖ボタンスタンドカラーシャツ,2697,"S, M, L, XL, 2XL",https://shop.adidas.jp/products/HE2888
iconArrowCircleLeft戻る/トップ/メンズ/ゴルフ/ウェア・服/トップス/Tシャツ/アディクロスライン/ADICROSS デザートプリント 半袖Tシャツ,ゴルフ,ADICROSS デザートプリント 半袖Tシャツ,3850,"2XS, XS, S, M, L, XL, 2XL",https://shop.adidas.jp/products/HS5617/
iconArrowCircleLeft戻る/トップ/ユニセックス/ウェア・服/トップス/パーカー(フーディー)/オリジナルス/SONG FOR THE MUTE/Song for the Mute ウィンターパーカー（ジェンダーニュートラル）,オリジナルス,Song for the Mute ウィンターパーカー（ジェンダーニュートラル）,22000,,https://shop.adidas.jp/products/IY9519
iconArrowCircleLeft戻る/トップ/メンズ/バスケットボール/ウェア・服/トップス/パーカー(フーディー)/SELECT WV HOODY,バスケットボール,SELECT WV HOODY,7150,,https://shop.adidas.jp/products/IU2442
iconArrowCircleLeft戻る/トップ/メンズ/ランニング/ウェア・服/トップス/Tシャツ/東京 ランニング 半袖Tシャツ,ランニング,東京 ランニング 半袖Tシャツ,6050,,https://shop.adidas.jp/products/IP3554
iconArrowCircleLeft戻る/トップ/メンズ/ランニング/ウェア・服/トップス/Tシャツ/東京 ランニング 半袖Tシャツ,ランニング,東京 ランニング 半袖Tシャツ,6050,,https://shop.adidas.jp/products/IS0829/
iconArrowCircleLeft戻る/トップ/メンズ/ウェア・服/トップス/Tシャツ/オリジナルス/アディカラー/アディカラー Neuclassics 長袖Tシャツ,オリジナルス,アディカラー Neuclassics 長袖Tシャツ,6160,"XS, S, M, L, XL, 2XL, 3XL",https://shop.adidas.jp/products/IM2097
iconArrowCircleLeft戻る/トップ/メンズ/ウェア・服/トップス/Tシャツ/オリジナルス/グラフィック カモストライプ 長袖Tシャツ,オリジナルス,グラフィック カモストライプ 長袖Tシャツ,2860,"XS, S, M, L, XL, 2XL, 3XL",https://shop.adidas.jp/products/HR3526
iconArrowCircleLeft戻る/トップ/メンズ/ウェア・服/トップス/パーカー(フーディー)/オリジナルス/グラフィック ハック ザ エリートパーカー,オリジナルス,グラフィック ハック ザ エリートパーカー,7700,"XS, S, M, L, XL, 2XL, 3XL",https://shop.adidas.jp/products/IC5740
iconArrowCircleLeft戻る/トップ/メンズ/ウェア・服/トップス/パーカー(フーディー)/オリジナルス/RIFTA シティボーイ パーカー,オリジナルス,RIFTA シティボーイ パーカー,6600,"XS, S, M, L, XL, 2XL, 3XL",https://shop.adidas.jp/products/IC8391/
